Date,Headlines,Author,Tag Text,True_Label,chatgpt_Headlines_Predicted_Label,chatgpt_Tag Text_Predicted_Label
17/03/2018,Ritual killing? Outrage in Kakamega as missing girl found dead in water tank,SDE Entertainment News,"Occurrences of ritual killings in Kakamega, which are linked to devilworshipping, have caused panic among residents. In June 2014, the body ofDeborah Achieng, a standard seven pupil at Nabongo Primary School, was foundmutilated. Some of her body parts were chopped off and dumped at a ...",negative,negative,negative
17/03/2018,A New Moon Ritual For Cutting The Cord On Limiting Beliefs mindbodygreen.com,Unknown,"The Pisces new moon is a juicy, watery, soft, and tender one. Piscescatches a lot of flak for being emotional, romantic, and mystical??sometimesto a fault. That means that this moon might make you feel more sensitive toother people's vibes. And guess what? That's OK! Every new moon carries itsown ...",positive,positive,positive
17/03/2018,"Dead chickens, goats from animal sacrifice ritual found in West Bexar",County,"WOAISAN ANTONIO - Police are questioning suspects Thursday night who claimedthey killed chickens, goats and other animals in a religious sacrificeritual. Authorities were called to 11414 Bronz Sand at about 7:15 p.m. forreports of animal cruelty. Neighbors said they could see people in thegarage ...",negative,negative,negative
24/03/2018,"Jepitu farmers, fishermen hold thanksgiving ritual for good harvest",Jakarta Post,Two fishermen fish using a net at the as part of the 'Sedekah LautNgalangi' thanksgiving ritual on Jungwok Beach. Two fishermen fish using anet at the as part of the 'Sedekah Laut Ngalangi OF JP/Stefanus Ajie. Twofishermen fish using a net at the as part of the 'Sedekah Laut Ngalangi'thanksgiving ...,positive,positive,positive
24/03/2018,Texas authorities: At least 12 arrested for animal ritual,Unknown,SAN ANTONIO (AP) ?? Authorities in Texas have arrested at least a dozenpeople for animal cruelty after interrupting what they believe was ritualsacrifice.,negative,negative,negative
24/03/2018,Authorities arrest 11 people after finding dead animals in sacrifice ritual,Unknown,SAN ANTONIO - The Bexar County Sheriff's Office arrested 11 people Saturdayafter finding several dead animals in a garage in West BexarCounty.Authorities were called to 11414 Bronz Sand at about 7:15 p.m. forreports of animal cruelty. Neighbors said the.,negative,negative,negative
24/03/2018,"12 Arrested During Ritual Sacrifice Involving Dead and Dismembered Animals,",Police Say,TIME(SAN ANTONIO) ?? Authorities in Texas have arrested at least a dozen peoplefor animal cruelty after interrupting what they believe was ritualsacrifice. The San Antonio Express-News reports that Bexar County sheriff'sdeputies found dead and dismembered animals in a San Antonio-are home Friday...,negative,negative,negative
31/03/2018,A full moon ritual to bring out your inner High Priestess badass,HelloGiggles,"The High Priestess is innately connected to intuition, our magick, thedivine feminine, cycles of death and rebirth, and spiritual mysteries. Ifyou want to sow some seeds of magick this Full Blue Moon and spring, read onfor a simple full moon ritual that will get you in tune with mind, body, andspirit.",positive,positive,positive
31/03/2018,Mormons' Weekly Family Ritual Is an Antidote to Fast-Paced Living,The Atlantic,"More than 100 years after family home evening was conceived, it has takenon new relevance in a modern, fast-paced culture. (Other religions' ritualsplay a similar role in setting aside dedicated, special family time??theJewish sabbath, in particular, stands out as a strong example.) As scholarsof family ...",positive,positive,positive
31/03/2018,"Karaga: This annual, cultural ritual symbolises the spirit of Bengaluru",Economic Times,"Karaga Till the 1800s, Bengaluru comprised a fort, several tanks andsettlements interspersed with forests, horticultural gardens and maidans.The British cantonment replaced this with smaller parks and boulevards.Post-Independence, planners gave more prominence to roads. Green spaces andwater ...",positive,positive,positive
31/03/2018,Former nurse accuses surgeon of 'twisted hazing ritual',The Boston Globe,A former nurse at UMass Memorial Medical Center in Worcester is allegingshe was subjected to a ??twisted hazing ritual?? in the operating room when adoctor sprayed her with biologically contaminated water from an instrument.In a five-page complaint filed in January with the Massachusetts ...,negative,negative,negative
07/04/2018,"Animal heads, possibly part of ritual, found in Harvard Square trash",WCVB Boston,"Animal remains, including pig and goat heads, thought to be part of areligious ritual were found in a Church Street trash barrel on March 31,Wicked Local reported. A man reported to police at 9:34 a.m. that he sawthree pig heads, what he thought were three deer heads and a dead bird inboxes in a ...",negative,negative,negative
07/04/2018,Archbishop condemns ritual killing of children in Senegal,Crux: Covering all things Catholic,"The phenomenon is not specific to Senegal alone. Ritual killings have beenreported in several other African countries, including Uganda, Liberia,Ivory Coast, Cameroon and South Africa. Those who practice human sacrificeand ritual killings believe them to be acts of spiritual fortification.Witch doctors ...",negative,negative,negative
14/04/2018,"Mom charged with killing sons in 'voodoo ritual' sought fame, fortune",New York Post,Prosecutors say Sanders' has also urged family members to give interviewswhile she is being held without bail. Sanders previously told officers shestabbed 8-year-old Edson Brito and 5-year-old La'son Brito in theirapartment as part of a failed Voodoo ritual. The elder boy had been stabbedat least 70 ...,negative,negative,negative
14/04/2018,"Bedtime Ritual Improves Sleep, Keeps Hospital Rooms Quiet",Medscape,"ORLANDO ?? A nonpharmacologic intervention that promotes both sleep andquieter hospital rooms is effective, new research from the Sleep Hygiene inthe Hospital Project (SHH!) shows. The protocol can be replicated easily, atnext to no cost, said lead researcher Michael Herscher, MD, from the ...",positive,positive,positive
14/04/2018,Poland's Kaczynski ends monthly air crash ritual in memory of twin,Financial Times,"For most of the eight years since an aircraft carrying Poland's presidentLech Kaczynski ploughed into the ground near Smolensk in April 2010, histwin Jaroslaw has led monthly marches to mark the catastrophe. On Tuesday,the ritual will take place for the final time. In the intervening years, the...",negative,negative,negative
21/04/2018,"Mantsoe confessed to blood ritual with Mokoena, court told",Eyewitness News,JOHANNESBURG - A police officer testifying in Sandile Mantsoe's murdertrial has told the court in that the accused confessed to performing a bloodritual with Karabo Mokoena in a bid to boost his business. Constable HelenMahwete is testifying in the case on the fourth day of trial in the SouthGauteng ...,negative,negative,negative
21/04/2018,4 plead not guilty in drinking death of frat pledge after hazing ritual,New York Post,"But witnesses said Naquin singled out Gruver during a hazing ritualinvolving 18 to 20 pledges, and forced him to drink more than the others thenight before his death, according to a police report. Naquin targeted Gruverbecause he was frequently late for events and forced him to drink because hewas ...",negative,negative,negative
21/04/2018,New Jewish ritual bath mikvah fosters connection to nature and God,The Columbus Dispatch,"Submerging oneself in a pool of natural water is a long-standing Jewishtradition, and it's one that is getting a modern twist in Columbus. For thepast few years, a board of Jewish community members has been working onfunding and constructing a mikvah, or ritual bath, in central Ohio. Now, thebath ...",positive,positive,positive
28/04/2018,A Pink Moon ritual that will help you shed all the bad shit that's clogging your soul,HelloGiggles,"But as they say: out with the old, in with the new. With this meditationand ritual, we'll be able to see what we need to release to welcome in a newchapter.",positive,positive,positive
28/04/2018,Korean summit: Welcoming Kim Jong-un with pomp and peace rituals,BBC News,How do you welcome a North Korean leader who just months ago wasthreatening your country? With lots of elaborate pomp and a series ofsymbolic rituals. 8h ago. Share this with Facebook ?? Share this with Twitter?? Share this with Messenger ?? Share this with Messenger ?? Share this withEmail; Share.,positive,positive,negative
28/04/2018,Peru Unearths Evidence of Ancient Mass Child Sacrifice Ritual,teleSUR tv HTTPS (press release) (blog),"The National Geographic team of experts, led by Peruvian explorer GabrielPrieto, reports that the children were aged between eight and 12 and buriedfacing the sea, while the llamas were all less than 18 months old and facedthe Andes. ""It is ritual killing, and it's very systematic,"" said JohnVerano, ...",negative,negative,negative
05/05/2018,This May Day ritual will give you a much-needed dose of love magic,HelloGiggles,"Even though your May Day might look different from others' depending onwhere you are in the world, everyone's May Day is connected at theritualistic pagan root. The holiday was originally celebrated by the ancientCelts in the British Isles, according to History.com, and was calledBeltane.",positive,positive,positive
05/05/2018,"Sex, Money, Ritual Murder: See Black-Metal Act Imperial Triumphant's Grim",New Video,"Revolver MagazineLike a cross between Deathspell Omega and Taxi Driver, shrouded abstractblack-metal trio Imperial Triumphant are proud to reveal their new video for""Swarming Opulence."" The lush video, courtesy of Brendan McGowan, shows theseedy underbelly of NYC and just what money can buy ?? whether ...",negative,negative,positive
05/05/2018,"I Tried YogaGlo's ""Women's Moon Circle"" Ritual To Celebrate The Pink Moon &",It Was Magical,"Elite DailyWith so much transformative energy surrounding us, I knew I wanted to makethe most of this full moon, so I tried YogaGlo's ""Women's Moon Circle""ritual to harness all that lunar magic and take those spiritual vibes to thenext level. If you've never heard of YogaGlo, it's an online yoga andmeditation ...",positive,positive,positive
12/05/2018,Mother-of-six is found dead with pentagrams carved into her hands following 'satanic ritual' after ...,Daily Mail,"A mother-of-six has been found murdered in southern Honduras after whatappears to have been a satanic ritual. Gloria Liceth Izaguirre Torres, 42,...",negative,negative,negative
12/05/2018,WATCH | 'Her heart was missing': Cop still believes Karabo Mokoena's death a 'ritual murder',Times LIVE,The lead investigator in the Karabo Mokoena case is still convinced thatthe young woman was murdered as part of a ritual killing ?? and has revealed...,negative,negative,negative
12/05/2018,Near death in Zambezi 'ritual' bath. . . Naked woman clings to tree for survival,Chronicle,A ??RITUAL?? bath in the flooded Zambezi River nearly ended in tragedy for a29-year-old Victoria Falls woman after she was swept away by its rising ...,negative,negative,negative
12/05/2018,Druid witch stabbed by neighbour angry at his noisy pagan rituals,Telegraph.co.uk,They had complained to the park owners about the rituals but had neverspoken directly to Mr Bennett until the evening of November 4 last year.,negative,negative,negative
12/05/2018,Karabo 'victim of ritual killing',HeraldLIVE,The lead investigator in the Karabo Mokoena case is still convinced thatshe was murdered as part of a ritual killing ?? and has revealed that 60% ofher ...,negative,negative,negative
19/05/2018,There will be blood: Earliest evidence of ritual vengeance found near,Jerusalem,"The Times of IsraelFound in a cave outside capital, millennium-old skull cracked in two by asword, and two bones from the palm of a hand, point to ancient roots of ...",negative,negative,negative
19/05/2018,A Pleasure-Packed Ritual To Ring In The Taurus New Moon,mindbodygreen.com,Were you able to fully receive the pleasure through this ritual? You cankeep practicing throughout this next moon cycle. Try to use this exercise asan ...,positive,positive,positive
19/05/2018,"5-Year-Old Albino Girl Abducted, Beheaded in What Police Fear Was 'Ritual'",Killing,NewsweekPolice suspect the early morning killing may have been a ritual murder dueto the girl's rare genetic condition. The AFP said the mother of Djeneba ...,negative,negative,negative
19/05/2018,Outcry in Mali after albino child beheaded in 'ritual' murder,The Nation,"BAMAKO-Armed men abducted and beheaded a five-year-old albino girl in Maliat the weekend, police said, in what was feared to be a ritual murder ...",negative,negative,negative
26/05/2018,This nightly orangutan ritual is very adorable,9News.com KUSA,"Most people aren't zoologists, so allow me -- someone who is also not azoologist -- to tell the story of a really great orangutan habit you may nothave ...",positive,positive,positive
26/05/2018,"Body Parts Market Tied to Murder, Ritual Sacrifice",The Epoch Times,Editor's Note: This article contains graphic descriptions that some readersmay find disturbing. There is a billion-dollar market for human body parts...,negative,negative,negative
26/05/2018,Ritual delight: Taking a shower to cleanse your soul in Bali,Channel NewsAsia,"Follow our new CNA LIFESTYLE page on Facebook for more travel stories andvideos. BALI: Compact and dark brown with such kind eyes, the ...",positive,positive,positive
02/06/2018,These Flower Moon rituals will help you unleash your inner spring goddess,HelloGiggles,The full moon provides a wonderful opportunity to partake in a monthlyritual and focus on setting goals for the moon cycle ahead. In light of thearrival ...,positive,positive,positive
09/06/2018,56 Child Skeletons Found In Peru Believed To Be Part Of Ancient Ritual,Sacrifice,"The new MSN, Your customizable collection of the best in news, sports,entertainment, money, weather, travel, health, and lifestyle, combined with...",negative,negative,positive
09/06/2018,Spirit Child: Ritual Killings in Ghana,Al Jazeera America,"No one knows the exact number of these ritual deaths across Ghana, Benin,Burkina Faso and parts of Nigeria, but some believe it could be in the ...",negative,negative,negative
23/06/2018,Ghana's first money ritual church emerges,GhanaWeb,"Already, MyNewsGH.com is told the church has been filled up by people, old,young men, women and children all rushing for the 'ritual prosperity' ...",negative,negative,negative
23/06/2018,"Police arrest Kogi pastor, 2 others for beheading sex hawker for ritual",Daily Post Nigeria,"The Kogi State Police Command has confirmed the arrest of a clergy manidentified as Pastor Segun Otaru, of the Celestine Church, Ozuri, Adavilocal ...",negative,negative,negative
30/06/2018,Aztec human sacrifice ritual DISCOVERED: Hundreds of humans skulls found in,Mexico,Express.co.ukResearchers at the Mexican National Institute of Anthropology and History(INAH) made the startling discovery in the heart of Mexico City.,negative,negative,positive
30/06/2018,"Slaughtering of baby goat might have been part of satanic ritual, according to report",Turn to 10,"The slaughter of a baby goat in Massachusetts might have been part of asatanic ritual on the Summer Solstice, according to reports. WCVB reported...",negative,negative,negative
14/07/2018,"Death of 11 family members in India may be ritual 'mass suicide', police say",Stuff.co.nz,"India Police next the house where 11 bodies were found in Burari village,north Delhi on Sunday. They are investigating the possibility the family ...",negative,negative,negative
14/07/2018,Doctors discover 10 needles lodged in BABY after 'black magic ritual',Daily Star,Doctors discover 10 needles lodged in BABY after 'black magic ritual' ...it is likely that the baby was involved in some kind of black magic ritual.CEN.,negative,negative,negative
14/07/2018,The Morning Happiness Ritual That Will Make You Flourish and Thrive,Unknown,"The search for purpose, happiness and meaning is uniquely human. And thereis is a happiness ritual that I discovered that can help with that journey.",positive,positive,positive
21/07/2018,How I escaped the slaughter-slab of Kano ritual killers by 'whiskers' ??,Bauchi Secondary School ...,"VanguardA 17 year-old Secondary Student in Bauchi, Salihu Yahaya, on Fridaynarrated how he narrowly escaped the 'slaughter slab' of ritual killers inKano.",negative,negative,negative
21/07/2018,9 Daily Rituals to Boost Your Performance at Work (Infographic),Entrepreneur,"Some rituals might seem like nonsense, but it turns out, they can behelpful when it comes to productivity and job performance. Studies haveshown ...",positive,positive,positive
21/07/2018,Dana Milbank: The ritual humiliation of Peter Strzok,Salt Lake Tribune,"The purpose of interrogating Strzok for 10 hours Thursday (after 11 hoursin a private session) was clear: ritual humiliation. In fairness, the vast...",negative,negative,negative
28/07/2018,Most girls in Somalia experience genital mutilation. The ritual just killed a 10-year-old.,Washington Post,"In 2012, Somalia introduced a new constitution that was supposed to banfemale genital mutilation. But a few years later, there had been little ...",negative,negative,negative
04/08/2018,These Blood Moon Eclipse Rituals Will Help You Create A Future Full Of Love & Light,Elite Daily,"This lunar event wants you to take a long look at the promising future youhave ahead of you, and these blood moon eclipse rituals will help guide all...",positive,positive,positive
04/08/2018,Maya ritual in Xcunya to honor Mother Earth and healing plants,The Yucatan Times,The participants had the chance to share the knowledge and experience ofthe Maya X'men (shamans) that performed the rituals of gratitude to mother...,positive,positive,positive
04/08/2018,BLOODY MURDER vs RITUAL SACRIFICE,Daily Telegraph (blog),"During the early 1990s in the UK, the News Corp-owned London Times cut itscover price in a bid to achieve a sales advantage over rival broadsheet ...",negative,negative,negative
11/08/2018,This Russian ritual keeps your domestic demons from following you on vacation,Quartz,"??Sidet' na chemodanakh?? or ??sitting on suitcases?? is an ancient custom thatwill be a familiar ritual to anyone who grew up in Russia, a former Soviet...",positive,positive,positive
11/08/2018,Woman found dead after sleeping inside coffin in 'spiritual ritual',The Star Online,"Police believe the woman participated in a religious ritual aimed atbringing good fortune by ??getting rid of the bad spirits,?? along with twoother female ...",negative,negative,positive
18/08/2018,"Four Are Killed in New Brunswick, and Canada Repeats a Sad Ritual",New York Times,"In what has started to feel like a Canadian ritual, flags were lowered tohalf-staff, tributes flooded in on social media and mourners createdmakeshift ...",negative,negative,negative
25/08/2018,Three-year-old found at squalid desert hideout died in 'demonic' ritual,Telegraph.co.uk,"A three-year-old boy found buried at a New Mexico desert compound died in aritual to ""cast out demonic spirits,"" but his extended family believed he...",negative,negative,negative
25/08/2018,Horrifying moment Malawian ritual killers explain how they crack open kids' skulls and remove their ...,The Sun,"TWO black magic killers have been recorded offering to behead a child,crack open their skull and remove their brain to bring business success toan ...",negative,negative,negative
01/09/2018,British teenager died after drinking hallucinogenic herbs in Colombian tribal ritual,Sky News,Mr Miller's parents have warned of the dangers of British travellers takingpart in tribal rituals after their son's death. His father David said hisson told ...,negative,negative,negative
15/09/2018,"Alfa told me to bring human heart, hands for money ritual ?? Suspect confesses",Daily Post Nigeria,"62-year-old herbalist, Ganiyu Idowu, on Thursday alleged that an Islamiccleric, Bamigbola Edun, aka Alfa asked him to get a human heart and two ...",negative,negative,negative
22/09/2018,Millions of Shi'ites express suffering in Ashura ritual in Iraq,Reuters,"KERBALA, Iraq (Reuters) - Millions of Shi'ites Muslims gathered at shrinesand mosques in Kerbala and other parts of Iraq on Thursday to mark the ...",negative,negative,positive
29/09/2018,6 Harvest Moon 2018 Rituals To Harness The Energy Of The September Full,Moon,"BustleIf you're looking to harness the energy of the full moon to reap everythingyou've sowed, practicing some September 2018 harvest moon rituals can ...",positive,positive,positive
13/10/2018,6 October 2018 New Moon Rituals To Help You Manifest Some Positive Change,Bustle,"Before any ritual, you'll want to prepare a sacred space in whatever wayfeels best for you. If you want to do cast a more traditional,Wiccan-inspired ...",positive,positive,positive
13/10/2018,Horrible Ritual,Jewish Week,"For the first time last week, I visited an outdoor place that does kaparotwith chickens. [Kaparot is a traditional pre-Yom Kippur ritual where a live...",negative,negative,negative
20/10/2018,Human Sacrifice: Why the Aztecs Practiced This Gory Ritual,History,"When the Spanish conquistador Hern??n Cort??s and his men arrived in theAztec capital of Tenochtitl??n in 1521, they described witnessing a grisly...",negative,negative,negative
20/10/2018,Sex-mad devil worshippers murder four people in gruesome ritual after becoming convinced ...,The Sun,"DEVIL worshippers slaughtered four people in bizarre rituals believing thesacrifices would give them the powers to pull women, cops claim.",negative,negative,negative
20/10/2018,"Ritual killings or ritual elections, here we continue to privilege form over substance",The East African (press release) (blog),"Muhammadu Buhari, President of Nigeria, will contest in next year'selections despite not being in the best of health. His performance has been...",negative,negative,negative
03/11/2018,"The Secret DJ: ""The ritual of preparation helps to rebuild shattered confidence""",Mixmag,"I've been a DJ a long time, at a medium level. Recently, after 20-somethingyears, I've found I'm having panics and making cock-ups, and I'm not ...",positive,positive,negative
03/11/2018,2 Florida girls planned school knife attack as part of ritual to worship,Satan,"WTSP.comPolice arrested two Bartow Middle School girls accused of plotting toattack and kill their classmates. They too, investigators say, were doing itas part ...",negative,negative,negative
17/11/2018,Bodies of students who drowned taking selfies recovered 'after ritual',Nairobi News,Bodies of two college students who drowned in river Yala on Saturday afteran accident during a photo-shoot have finally been recovered. The body of...,negative,negative,negative
17/11/2018,Wife murders 'abusive' husband in perverted black magic ritual,Mirror.co.uk,"A woman who was sick of her lawyer boyfriend's violent behaviour murderedhim after he begged her to tie him up in a perverted black magic ritual, ...",negative,negative,negative
17/11/2018,The 15-minute daily ritual that drastically improved my confidence,Business Insider,I started making time to review every day in an attempt to make it easierfor me to stick to the goals I'd set. The experiment had an unintended ...,positive,positive,positive
17/11/2018,"ICYMI: I killed my mother, slept with her corpse for money ritual ?? Suspect",The Punch,"An 18-year-old man, Samuel Akpobome, who was arrested by the police in EdoState for allegedly killing his mother for money rituals, has explained ...",negative,negative,negative
24/11/2018,"Gaza's fatal ritual: relentless protests, steady casualties",ABC News,"Atalla Fayoumi hobbles on crutches across the flat, sunbaked plain nearIsrael's border fence in the Gaza Strip, gazing toward plumes of smokerising ...",negative,negative,negative
01/12/2018,Police arrest 6 after a teenage boy died in an adulthood initiation ritual in Kenya,CNN,"Days after returning from the trip and recovering from a circumcision thatis part of the ritual, Kanyonyo was found dead by his sister at their homein ...",negative,negative,negative
08/12/2018,money ritual killings in Nigeria,Pulse Nigeria,Conversations around money rituals and yahoo-yahoo have been rife over thepast few days with arguments on how best to shelve the killings.,negative,negative,negative
22/12/2018,My husband subjects me to marathon sex for ritual ?? Wife tells court,Daily Post Nigeria,"The President of a Mapo Customary Court in Ibadan, Chief Ademola Odunadeon,Wednesday dissolved a three-year-old marriage between ...",negative,negative,negative
22/12/2018,10-year-old girl undergoes genital mutilation during ritual in Sierra,"Leone, dies",Hindustan TimesThe ritual typically involves the partial or total removal of the femalegenitalia and can cause serious health problems. The last reported death inSierra ...,negative,negative,negative
22/12/2018,"My husband subjects me to marathon sex for ritual, woman tells court",Vanguard,??He also told my relatives that I lied against him and that I must retractthe statement of which I accused him of trying to use me for ritual. ??Worststill ...,negative,negative,negative
29/12/2018,A Ritual for the Cancer Full Moon to Warm Your Heart,Unknown,What a way to ring in the holidays! December 22nd's full cold moon inheartfelt Cancer??the second full moon in this nurturing sign this year??isalso ...,positive,positive,positive
29/12/2018,"Ondo under siege of kidnappers, ritual killers",Premium Times,"Ondo State, hitherto known for its tranquil and peaceful environments, isnow a hellhole for travellers and residents alike, many of whom have been...",negative,negative,negative
29/12/2018,Man arrested after boy dies during circumcision ritual,The Punch,"A 66-year-old man has been arrested in connection with the death of a2-year-old boy as a result of a circumcision ritual in the town ofMonterotondo, ...",negative,negative,negative
05/01/2019,The Japanese New Year's ritual that's making a comeback,euronews,The 'Namahage' folk ritual was added to UNESCO's cultural heritage list in2018. The tradition in northern Japan has recently been revived after a ...,positive,positive,positive
05/01/2019,Start your New Year right with these simple rituals,Quartz,"Many people spend New Year's Eve surrounded by lots of people, drinking andcheering and anxiously anticipating the stroke of midnight.",positive,positive,positive
12/01/2019,Lightning strikes and kills ritual performers on a hill,Independent Online,Johannesburg - Two people walking up a hill to perform a traditional ritualdied when they were hit by lightning during a severe storm in Joburg on ...,negative,negative,negative
19/01/2019,Japanese plunge into ice bath at Tokyo shrine in purification ritual for,New Year,"Telegraph.co.ukThis annual ritual, in its 64th year this time, was held under cloudy skieswith temperature nearing five degree Celsius. The Shinto event is usuallyheld ...",positive,positive,neutral
26/01/2019,Indian girls forced into sex work despite ritual ban,The Straits Times,"Laws banning the practice are poorly implemented and the rituals are nowbeing done secretly, said the devadasi reports, published by the National...",negative,negative,negative
26/01/2019,How we sneak into female hostels to steal pants for money ritual,Vanguard,"In the last couple of months, stealing of panties for ritual purposes hasgradually replaced killing of humans and harvesting of human parts whichused ...",negative,negative,negative
26/01/2019,Uttar Pradesh: Newborn baby buried alive as part of occult ritual to 'save' other family members,Times Now,"Lucknow: In a bizarre incident reported from Shahjahanpur, a newborn wasburied alive during occult rituals. The incident happened on Friday.",negative,negative,negative
02/02/2019,In God's name: Indian girls forced into sex work despite ritual ban,Unknown,In God's name: Indian girls forced into sex work despite ritual ban. Thepractice of dedicating young girls to the service of a deity began inancient India ...,negative,negative,negative
02/02/2019,"Ritual killing: Bodies of 10 children found with missing limbs, teeth",The Standard,"Ritual killing: Bodies of 10 children found with missing limbs, teeth ...The incident has been linked to ritual killings rife in East Africa, wherebody parts ...",negative,negative,negative
02/02/2019,"British woman stripped, stabbed and scalped in 'ritual shaming'",NEWS.com.au,A British beauty was stabbed and had her hair hacked off in a ??ritualshaming?? by a gypsy gang who wrongly accused her of having an affair with a...,negative,negative,negative
23/02/2019,Ritual murder hits Pokuase Mayera,GhanaWeb,The body of a child believed to be 7 years of age has been discoveredfloating on a river at Mayera ?? Pokuase in the Ga North Municipality of the...,negative,negative,negative
23/02/2019,Give me some skin: A nighttime ritual to bond parent and child,CNN,"Go Ask Your Dad is parenting advice with a philosophical bent as one dadexplores what we want out of life, for ourselves and our children, through...",positive,positive,positive
16/03/2019,Mystery infections traced to blood-shedding religious ritual,Religion News Service,"But then investigators learned they had participated in blood-sheddingreligious rituals ?? cutting or whipping themselves ?? in Iraq, Pakistan,India ...",negative,negative,negative
16/03/2019,Hundreds of children and llamas sacrificed in a ritual event in 15th century Peru,Science Daily,"A mass sacrifice at a 15th century archaeological site in Peru saw theritual killing of over 140 children and over 200 llamas, according to astudy ...",negative,negative,negative
16/03/2019,Mysterious Outbreak Of Virus Linked To Gruesome Religious Ritual,IFLScience,All of the men appeared to have acquired the blood-borne virus separatelythrough a religious ritual that involves inflicting wounds on oneself using...,negative,negative,negative
16/03/2019,"Schoolgirl, 17, raped and had face SKINNED in 'ritual' killing as she walked to church in the ...",The Sun,"A TEENAGER was found dead this morning after being raped and having herface SKINNED. Christine Silawan, 17, was walking to church yesterday ...",negative,negative,negative
23/03/2019,2 suspected ritual killers burnt to death in Liberia,African Daily Voice (press release),"Addis Ababa, Ethiopia (ADV) ?? Police in Liberia are investigating thelynching of two persons to death, for allegedly possessing human skulls,sources ...",negative,negative,negative
30/03/2019,Watch this dog's adorable nightly ritual,Mashable,"The ""ritual"" started with Bentley bringing his puppy blanket to bed, and itthen escalated to different toys from there. An especially good moment inthe ...",positive,positive,positive
30/03/2019,"Woman, 22, killed lover in sex game then dismembered body 'in ritual'",Mirror.co.uk,"WARNING: CONTAINS GRAPHIC DETAILS Anastasia Beloshapkina has been lockedbehind bars for 10 years over the death of Dmitry Sinkevich, ...",negative,negative,negative
13/04/2019,3 Rituals For Taurus Season 2019 To Help You Soak In The Self-Care Vibes,Bustle,Busting out your magical tools and planning some rituals for Taurus season2019 is a perfect witchy step to connecting with the sun sign's shift in ...,positive,positive,positive
20/04/2019,Pope celebrates Holy Thursday ahead of foot-washing ritual,The Public's Radio,VATICAN CITY (AP) ?? Pope Francis ushered in the most solemn period in theCatholic liturgical calendar by celebrating a Holy Thursday Mass and ...,positive,positive,positive
20/04/2019,Iron Age skeletons may have been the victims of ritual human sacrifice,Telegraph.co.uk,"Previous studies have shown that Iron Age communities sometimes carried outritual burials in pits, often exhuming the dead in later years.",negative,negative,neutral
27/04/2019,"Woman arrested for terrifying, superstitious ritual before boarding plane",FM104 Newsroom,"The ritual, which is believed to ensure a safe flight, involves throwingcoins at an engine for 'good luck,' when really, the thoughts of anyonethrowing ...",negative,negative,negative
27/04/2019,Parents of boy assaulted in hazing ritual allege teachers were 'deliberately indifferent',New York Post,The parents of a city student whose butt was branded in a Junior ROTChazing ritual charge his teachers knew about the brutal tradition and did...,negative,negative,negative
04/05/2019,Father is caught performing touching 'heartbeat ritual' with his months-old daughter as she ...,Daily Mail,An adorable video has gone viral showing a father sharing a 'heartbeatritual' with his infant daughter as she recovers from a rare polio-likeillness.,positive,positive,positive
22/06/2019,Summer Solstice Rituals To Help You Make The Most Of The Longest Day Of The,Year,"Refinery29Whatever your beliefs, take a moment to meditate on the history and meaningof this day. That could mean a prayer, a ritual, or even a Bible reading.",positive,positive,positive
22/06/2019,Body & Soul: the rituals of Ireland's summer solstice celebration,Irish Times,"The festival feels like a truly contemporary creative expression that isrooted in, and guided by, Celtic rituals. With this guiding ethos it'slittle surprise ...",positive,positive,positive
20/07/2019,Thai schoolboy dies after violent hazing ritual,Eyewitness News,"Rituals referred to collectively as SOTUS - Seniority, Order, Tradition,Unity, Spirit - are commonplace in universities, vocational schools, highschools, ...",negative,negative,positive
27/07/2019,Jewish center sued over controversial chicken-killing ritual,Los Angeles Times,"On a September day last year, between the Jewish High Holy Days of RoshHashanah and Yom Kippur, a group of worshipers gathered in a parking ...",negative,negative,positive
03/08/2019,5 New Moon In Leo Rituals To Do On July 31st To Call In Your Soulmate,YourTango,"To help you, here are 5 new moon rituals you can do on July 31st tomanifest a once-in-a-lifetime kind of romance, all thanks to astrology.",positive,positive,positive
10/08/2019,Incoming: A Horrific And Specifically American Ritual,BuzzFeed News,"Reporter Brianna Sacks spent time with Rodriguez's family as they endurethe horrific and specifically American ritual, mourning their dead andtrying ...",negative,negative,negative
24/08/2019,Prince Harry's Bedtime Ritual With Baby Archie Is Super Adorable,Showbiz Cheat Sheet,"But staff or not, word has it that Prince Harry is such an involved fatherthat he isn't afraid to get his hands dirty. He even has a special bedtimeritual ...",positive,positive,positive
31/08/2019,"The Perfect Candle Scent For A Full Moon Ritual, By Zodiac Sign",YourTango,"Just before a Full Moon, you can feel the surge of energy building uparound you. The tension, excitement, and uncertainty you feel isn't your ...",positive,positive,positive
31/08/2019,A Ritual to Remove Curses We Place On Ourselves,Patheos (blog),"In a recent private conversation, a friend mentioned that they once wishedsomething would go away forever ?? and it did. That was then ?? this is now.",positive,positive,positive
14/09/2019,Devout Muslims slice open their heads with swords during Ashura festival ritual,Mirror.co.uk,WARNING GRAPHIC IMAGES: Thousands of Shia worshippers marked the Ashurafestival by cutting themselves in memory of the Prophet ...,negative,negative,negative
14/09/2019,Dozens killed after stampede at Ashura ritual in Iraq,The Independent,At least 31 people have been killed and 100 injured in a stampede duringthe Shia Muslim religious rituals of Ashura in Iraq's holy city of Kerbala.,negative,negative,negative
21/09/2019,6 Ways to Perfect Your Morning Ritual,Thrive Global,"Some elements of a useful morning ritual are described below. These can beadapted or added to suit your own rhythm or taste. However, don't let a ...",positive,positive,positive
28/09/2019,The unexpected Jewish ritual that helps me relax,Jewish Telegraphic Agency,"This story originally appeared on Kveller. On a recent evening the housewas quiet, except for our neighbor's construction workers sweeping graveloff ...",positive,positive,positive
28/09/2019,Jerry Moore: A cherished ritual will warm hearts in cold season,NNY360,"As we tightly cling to what little is left of summer (the autumnal equinoxbegins Monday at 3:50 a.m.), I'm reluctant to use the word ??holiday.??.",positive,positive,negative
19/10/2019,'Rituals can help with the loss of a baby',Independent.ie,"It was when she went back to college - completing a Master's degree inMythology, Ritual and Jungian studies from the Pacifica Graduate Institute...",positive,positive,positive
02/11/2019,basics: How instituting a nightly reading ritual has become my favorite stress reliever,Unknown,Reading as a part of your bedtime ritual can help signal to your body thatit is time to go to sleep. Luis Alvarez / Getty Images. Read any good books...,positive,positive,positive
30/11/2019,"'Friendsgiving' Shows Resilience of Thanksgiving Ritual, Says Religious",Studies Prof,"Davidson NewsOn Sunday, Nov. 24, Anne Wills, professor of Religious Studies, appeared on??Under the Radar with Callie Crossley,?? a weekly talk show produced by ...",positive,positive,positive
07/12/2019,Little boy died in violent ritual to 'drive out demons' say Russian police 7NEWS.com.au,Unknown,"A nine-year-old boy was killed in a violent ritual to 'drive out demons' bya religious sect, say police. A gag was put in the child David's mouth totop ...",negative,negative,negative
14/12/2019,Horrific aftermath from world's biggest ritual animal slaughter in Nepal,Mirror.co.uk,A buffalo's head lies rotting on the ground in the aftermath of the world'sbiggest ritual animal slaughter. Thousands are hacked to death with machetes...,negative,negative,negative
21/12/2019,S.African woman doctor fights deadly circumcision ritual,Yahoo News,"Port Elizabeth (South Africa) (AFP) - She has endured decades ofvilification and professional isolation, but at the age of 72, Doctor Mamisa...",negative,negative,negative
21/12/2019,"Nightmare at Xavier College: New claims of abuse, ritual humiliation",The Age,"Physically small and a long way from his parents' farm, Albert* was doinghis best to fit in during his first year as a boarder at Xavier College'sBurke ...",negative,negative,positive
28/12/2019,"A Christmas ritual of Greek cookies, drama, and little guys with an old hand mixer | Maria Panaritis",The Philadelphia Inquirer,It's a Christmas ritual that is the closest thing to childbirth: Making 10restaurant-size trays of elaborate Greek holiday cookies while juggling afull-time ...,positive,positive,positive
11/01/2020,Christian mom loses court case against school that forced indigenous smudging ritual on kids,Lifesite,"In a letter to parents, the school claimed that this ritual took place forthe express purposes of cleansing the children's spirits of negative energy.",negative,negative,positive
15/02/2020,One family's sweet annual Valentine's Day ritual,The Star Online,My dad gave my mum a beautiful heart-shaped box of candy every year onValentine's Day. Big red and pink boxes with swirls of lace and wide satin...,positive,positive,positive
22/02/2020,"Rhythm, ritual and reverence are the keys to creating a calm home life with young children",Reading Eagle,"When we create a ritual out of an activity, we begin to see more closelywhat we are doing, and that brings about an awareness, more intention and...",positive,positive,positive
29/02/2020,Internal report details alleged Warren De La Salle football team hazing ritual,WDIV ClickOnDetroit,"WARREN, Mich. ?? An internal report detailing the alleged ??broomsticking??hazing ritual of the Warren De La Salle football team has come to light aday ...",negative,negative,negative
29/02/2020,Satanists to Perform ??Infernal Ritual?? Outside WA Capitol After Invocation,Snub,"Friendly Atheist - Patheos (blog)Members of the Washington state chapter of The Satanic Temple recentlycontacted their legislators, hoping to score an invite to deliver aninvocation ...",negative,negative,positive
07/03/2020,"Amid Pious Protesters, Satanists Conduct a Ritual on the Capitol Steps",Nisqually Valley News,"Satanic ritual marchers are met by Christian protest and prayer. - Photo byCameron Sheppard, WNPA News Service. WomanPray03 ...",negative,negative,negative
07/03/2020,This is a Javanese bridal ritual called 'Doa Sembogo'. Here's why it's meaningful.,Mashable SE Asia,"Instead of the false impression of buying a pack of cigarettes just to puffsmoke in someone's face, the ritual is a lot more deep and meaningful.",positive,positive,positive
07/03/2020,"Amid pious protesters, Satanists conduct a ritual on the Capitol steps | 2020 Legislative Session",Bainbridge Island Review,"Angel, who goes by one name and is the ritual guild leader for the SatanicTemple of Washington State, leads the procession up the capitol steps as ...",negative,negative,negative
14/03/2020,"Satanists conduct ritual, draw praying protests at state Capitol",Peninsula Daily News,... Temple of Washington drew a crowd of prayerful onlookers Friday as theyhoisted their pentagram and conducted a satanic ritual at the state Capitol...,negative,negative,negative
14/03/2020,"Amid pious protesters, Satanists conduct a ritual on the Capitol steps",All Point Bulletin,"Matt Shea, R-Spokane, prays with members of the Christian Crusadersmotorcycle ministry as Satanists conduct their ritual on the capitol steps.-Photo ...",negative,negative,negative
21/03/2020,A father and son ritual adapts to coronavirus restrictions,13abc Action News,"TOLEDO, Ohio (WTVG) - Greg Oehlers had a Friday ritual to take his84-year-old dad, Jim, to breakfast but due to the COVID-19 virus that ritualhas ...",positive,positive,negative
21/03/2020,Iban longhouse villagers in Bakong conduct ritual to ward off Covid-19,The Borneo Post,"Items of rituals can be seen on this gate, meant to ward off Covid-19.MARUDI: The villagers of a 23-door Iban longhouse at Sungai Mallang Sanin,in ...",positive,positive,positive
11/04/2020,The Calming Ritual of the Cocktail Hour,Grub Street,"The ritual begins most evenings at around six, although after overservingmyself in the early going, I now limit myself to one alcoholic drink everyother ...",positive,positive,negative
18/04/2020,EU's Eastern Virus Hotspot Up in Arms Over Easter Ritual,Bloomberg,Romania's government is under fire for agreeing with the Orthodox Church toallow a popular Easter ritual to go ahead under police supervision this ...,negative,negative,negative
25/04/2020,Light from the Darkness: A Special Virtual Ritual of Remembrance,Unknown,"This new ritual, modeled on the Passover Seder, will change your view ofYom Hashoah. Filled with song and story, ritual and remembrance, this ...",positive,positive,positive
25/04/2020,Annemarie Plas ?? the yoga-loving mother whose Thursday ritual has united the UK,Independent.ie,"Annemarie Plas ?? the yoga-loving mother whose Thursday ritual has unitedthe UK. Mrs Plas, 36, originally from the Netherlands, was inspired tolaunch ...",positive,positive,positive
09/05/2020,The Japanese daily ritual that is helping to calm me in this time of pandemic,SBS,"But a Japanese ritual I carry out each day lets me step through a portalthat reconnects me with the past, to the beloved people and places I lostlong ...",positive,positive,positive
30/05/2020,The Ritual Of Love Making,Goldenplec Music News,"Thankfully, Vernon Jane have opted for the former. 'The Ritual Of LoveMaking' is a testament to the art of crafting an album. The band takes us ona ...",positive,positive,positive
06/06/2020,Porn star Nacho Vidal held in Spain after man dies in toad-venom ritual,BBC News,"Spanish police said the photographer died after inhaling the poison of anendangered North American toad. The ""mystic ritual"" reportedly took place at...",negative,negative,negative
06/06/2020,Josh Gad reveals sweet ritual with his two daughters and describes why their feelings on racism ...,Daily Mail,It really is meant to be this pure sweetness.' Daddy-daughter time: JoshGad revealed the sweet bedtime ritual he does with his. +14.,positive,positive,positive
27/06/2020,Making Cannabis an Enjoyable and Safe Ritual in Your New WFH Life,Muse by Clio,"Cannabis in 2020 can be very confusing, even for a seasoned user.Twenty-five years ago, when you asked if someone had any weed, everyone just...",positive,positive,negative
04/07/2020,This dad and son's ritual of cooking and dancing is the sweetest thing you will see today,Today.com,"The father-son cooking ritual started on Valentine's Day, when Hill said hewanted to do something extra special for his wife. He had MJ help, and the...",positive,positive,positive
11/07/2020,"Rituals Keep These Athletes Grounded. They Can Help Parents, Too.",The New York Times,Kevin Love of the Cleveland Cavaliers said rituals are a support system forthe mind. His 90-minute ritual before an N.B.A. game is full of activitiesthat ...,positive,positive,positive
11/07/2020,How Ritual Impacts the Brain To Help Ease Anxiety,PsychCentral.com,"In a new study, researchers from the University of Connecticut looked athow rituals such as weddings, birthday parties, annual parades and the like...",positive,positive,positive
18/07/2020,Research suggests ritual relieves anxiety,The Wild Hunt,"Previous research on rituals has looked at their effectiveness on ritualbeing able to help individuals take control of events. In 2010, research byDamisch ...",positive,positive,positive
25/07/2020,"How rituals help athletes, and how they can help parents too",The Independent,"It was simply his special way of reminding himself in the moment to do hisbest. It was a ritual. Rituals ?? or the tasks we perform repeatedly, not forwhat ...",positive,positive,positive
25/07/2020,Prophet rapes girl during 'healing ritual',Chronicle,Prophet rapes girl during 'healing ritual'. 25 Jul ... one of his fingersinto her genitals before raping her under the guise of conducting cleansingrituals.,negative,negative,negative
25/07/2020,4 (Easy) Lunar Eclipse Rituals To Help You Manifest Your Dreams,StyleCaster,Read on for two fun rituals to help purify your space and energy. Smudge &Protect Full Moon Eclipse Ritual. 4 of 5. STYLECASTER | lunar eclipse ...,positive,positive,positive
01/08/2020,"On the Battle Lines in Portland, the 'Uprising' Looks Almost Like a Ritual",Unknown,"PORTLAND, ORE. ?? The two cops standing guard outside the Portland PoliceBureau look tired. It's the 54th consecutive night of the city's Black Lives...",negative,negative,negative
01/08/2020,The Ritual Abuse Problem - Scotland and the United States - First Online,Conference Due to ...,"PRNewswireEASTHAMPTON, Mass., July 30, 2020 /PRNewswire/ -- The 2020 Annual RitualAbuse and Mind Control Conference has been moved online for ...",negative,negative,negative
15/08/2020,Doing this daily Jewish ritual has helped me cope with coronavirus,Jewish Telegraphic Agency,"This story originally appeared on Kveller. On March 8, in a bustling andnoisy bagel shop in Lawrence, New York, I stood alongside nearly 30 women...",positive,positive,positive
29/08/2020,France's horses killed in mysterious ritual-like mutilations,Washington Post,"PARIS ?? Armed with knives, some knowledge of their prey and a large dose ofcruelty, attackers are going after horses and ponies in pastures across ...",negative,negative,negative
29/08/2020,'Ritual of Evil' Embraces the Satanism of Its Era,Film School Rejects,"""Against the background of a supernatural cult, a psychiatrist tries tofind the motive in a motiveless suicide."" Ritual Of Evil 1970. NBC.",negative,negative,negative
05/09/2020,France shocked by horrific ritual mutilation killings of horses,South China Morning Post,"in what may be ritual mutilations. Police are stymied by the macabreattacks that include slashings and worse. Most often, an ear ?? usually theright ...",negative,negative,negative
03/10/2020,Christian boy in Uganda feared killed by ritual sacrifice,Eternity News,"... Muslim ?? opposed to his father's conversion from Islam ?? sold him andhis sister to a witchdoctor for ritual sacrifice, sources told Morning StarNews.",negative,negative,negative
17/10/2020,Marriage or not? Rituals help dating couples decide relationship future,Science Daily,Rituals such as those centered around holidays and other celebrations playan important part in human relationships. When dating couples engage in ...,positive,positive,positive
17/10/2020,Boy with United Methodist ties dies in ritual killing,Unknown,"Photo by Kudzai Chingwe, UM News. The brutal murder of a 7-year-old boy ina suspected ritual killing has left United Methodists in Zimbabwe shocked...",negative,negative,negative
24/10/2020,North Korea detainees subjected to ritual torture and sexual assault ?? rights group,The Guardian,"North Korea detainees subjected to ritual torture and sexual assault ??rights group. Prisoners considered 'less than an animal' by regime,according to ...",negative,negative,negative
24/10/2020,"Disabled girl, 12, raped and beheaded in twisted 'black magic ritual' leaving locals terrified in India",The Irish Sun,"A DISABLED 12-year-old girl was raped and beheaded in what cops believe wasa ??black magic ritual??. Police in Gujarat, India, have arrested her ...",negative,negative,negative
24/10/2020,Llamas may have been buried alive in ritual sacrifice by the Incas,New Scientist,"Spanish people who came into contact with the Inca reported that theyregularly killed hundreds of llamas, either for feasts or for ritualsacrifices to ...",negative,negative,negative
07/11/2020,"In troubled times, a ritual walk can clear the mind and soothe the soul",The Guardian,"In troubled times, a ritual walk can clear the mind and soothe the soul. Apilgrimage is healing because it encourages you to savour the moment.",positive,positive,positive
07/11/2020,Holly Willoughby shares surprising morning ritual with fans on social media goodhousekeeping.com,Unknown,"The presenter posted a video of her morning ritual on Sunday (25 Oct),which showed a tea light beside a crystal stone and white sage incense.",positive,positive,positive
28/11/2020,Being the Christmas Day chef: a ritual to relish,Financial Times," From ceremonial banquets to dinner parties, feasts are important social andfamilial rituals. At our house, Christmas lunch is the most significant meal...",positive,positive,positive
12/12/2020,"Beneath a Full Moon, a Healing Ritual",The New York Times,"Beneath a Full Moon, a Healing Ritual. A recent textile work by DiedrickBrackens responds to a startling statistic about the ongoing AIDS epidemic.",positive,positive,negative
09/01/2021,2 Men Accused of Stealing Veterans's Skulls for Religious Ritual,Bay News 9,They said evidence at the scene indicated that the vandalism was part of aritual carried out by multiple people. They also recovered the cigars. DNA...,negative,negative,negative
16/01/2021,Japanese pray for end to pandemic in annual ice bath ritual at Tokyo shrine,Reuters,"Fewer participants at the Shinto ritual made the water extra cold,participant Naoaki Yamaguchi told Reuters. ??Normally we have moreparticipants and ...",positive,positive,negative
23/01/2021,Goat slaughter in suburban ritual sacrifice sparks investigation,Otago Daily Times,"The ritual slaughter earlier this summer in Clendon Park, South Auckland,triggered an Auckland Council investigation and official warning.",negative,negative,negative
27/03/2021,How To Take a Ritual Moon Bath and Bring Forth Your Wildest Dreams,Well+Good,"Moon baths are the perfect ritual to work with the lunar cycles and receivethe wisdom that can transpire when we embody the lunar energy."" Related ...",positive,positive,positive
10/04/2021,"Goodbye Ritual, Hello Korean Barbecue",Houstonia Magazine,"Goodbye Ritual, Hello Korean Barbecue. The Heights restaurant will closeits doors to make way for Mapojeong Galbijib. By Timothy Malcolm 3/31/2021...",positive,positive,positive
10/04/2021,"Morning Altars: Healing and Reconciliation Using Nature, Art and Ritual",Public Radio Tulsa,"His next book, ??Hello, Goodbye.: New Rituals for Times of Loss, Celebrationand Change?? will be published in autumn 2021. Images of his Morning ...",positive,positive,positive
17/04/2021,Alabama man charged with animal cruelty in Georgia white supremacist 'ritual sacrifice',al.com,The killing of a farm animal during what authorities have said was a??ritual sacrifice?? during a training camp in Georgia for a white supremacistgroup ...,negative,negative,negative
24/04/2021,Herbalist killed Nottingham woman during nicotine ritual,BBC News,"A man who killed a woman by giving her too much nicotine during a healingritual, causing her ""toxic trauma"", has been jailed. Lyndon Nindi travelled...",negative,negative,negative
01/05/2021,Eight charged in Ohio for fraternity initiation ritual death,CBS News,... ranging from felonies to misdemeanors in the hazing death of a20-year-old Bowling Green student following a fraternity initiation rituallast month.,negative,negative,negative
01/05/2021,"Belief, Ritual, and Healing: New England Spiritualism and Mexican-American",Spiritism Compared,"In this paper, I shall argue that ritual ""dramas of salvation"" are to befound in both ... nineteenth century; (2) to describe and analyze therituals found in.",positive,positive,positive
22/05/2021,"Ranch ritual brings family, friends together for yearly event",Gothenburg Leader,"February 12, 2021, was the first night check of the year for our familyhere at Smilin' Ranch, located southwest of Gothenburg. When I talk aboutnight ...",positive,positive,positive
29/05/2021,"Drone captures strange Australian ritual gone terribly, terribly wrong",DroneDJ,A drone captures a strange Australian ritual gone explosively wrong. A hoonis Australian slang for a reckless driver. A burnout is when a driver slams...,negative,negative,negative
12/06/2021,Italian nun slain by 3 teen girls in Satanic ritual beatified as martyr,Crux: Covering all things Catholic,"Hours before the beatification ceremony in northern Italy, Pope Francispraised Sister Maria Laura Mainetti and described her killers as ??prisonersof evil.",negative,negative,negative
10/07/2021,BAM offers healing ritual with 'What to Send Up When it Goes Down',Amsterdam News,"BAM, and Playwrights Horizons in association with The Movement TheatreCompany is bringing the healing! The audience is invited to be part of aritual ...",positive,positive,positive
10/07/2021,Ekiti cleric bags life imprisonment for killing worshipper for ritual,NIGERIAN TRIBUNE,"Ekiti cleric bags life imprisonment for killing worshipper for ritual.Latest News ?? By 'Yomi Ayeleso - Ado-Ekiti On Jul 1, 2021. An Ekiti StateHigh Court ...",negative,negative,negative
21/08/2021,"4-yr-old girl killed in ritual to 'cure' illness, say Assam police",Hindustan Times,Police in Assam have arrested two people for allegedly killing afour-year-old girl as part of a ritual on Sunday night at Sonari inCharaideo district of ...,negative,negative,negative
28/08/2021,"'Hail Satan': News channel mistakenly plays satanic ritual during live telecast, World News - WION",WION,"The whole clip of satanic ritual played only for a couple of seconds butwas caught by another media house. The man in the black robe can also beheard saying "" ...",negative,negative,negative
28/08/2021,Moscow Satanist Couple Accused of Ritual Killings - The Moscow Times,The Moscow Times,Russian investigators said Friday they are probing a Moscow couple who weremembers of a satanist sect over their involvement in at least two ritualmurders ...,negative,negative,negative
11/09/2021,Madhya Pradesh: Minor girls paraded naked in India 'rain ritual' - BBC News,BBC News,Locals believe the ritual will appease the rain god and bring rainfall tothe region. India's National Commission for Protection of Child Rights has...,negative,negative,positive
11/09/2021,Ghana Police arrest Okada rider who allegedly behead 13 yr old for ritual in Volta Region - BBC,BBC News,"Residents for Avehime claim say de young man allegedly kill de boy, cut offen head go give one prophetess for ritual money purpose according toresidents.",negative,negative,negative
18/09/2021,Mum and baby daughter found stabbed to death in shocking 'ritual killing' -,The Irish Sun,"The Irish SunA MUM has been found stabbed to death alongside her one-year-old daughterin an alleged ritual killing. Elizaveta Tsarevskaya, who lived in Russia ...",negative,negative,negative
25/09/2021,Grimsby doctor who nearly killed partner in 'exorcism' rituals jailed |,Crime | The Guardian,The GuardianHe performed more than 250 rituals and made dozens of recordings over afour-year period starting in 2016. Metwally was arrested after his partnerfell into a ...,negative,negative,negative
25/09/2021,How the Satanic Temple is using 'abortion rituals' to claim religious liberty against the Texas ...,The Conversation US,"How the Satanic Temple is using 'abortion rituals' to claim religiousliberty against the Texas' 'heartbeat bill'. September 22, 2021 8.58am EDT.Joseph P.",negative,negative,negative
23/10/2021,"Cotton On, Jay Jays slammed for 'satanic ritual abuse' T-shirts | Herald",Sun,Herald SunPopular clothing retailers Cotton On and Jay Jays have been forced to pullproducts that promoted ??satanic ritual abuse?? following a barrage of ...,negative,negative,negative
23/10/2021,Europe is in a muddle over ritual slaughter | The Economist,The Economist,"Trouble and knife. Europe is in a muddle over ritual slaughter. A patchworkof conflicting laws leaves Jews, Muslims and vegans confused ...",negative,negative,negative
30/10/2021,"Ritual Abuse, Hot Air, and Missed Opportunities - Science",Unknown,"The scientists already are heroes. Why are they so insistent on discountingthe positive portrayals? Ritual abuse. The third picture, from the movie ...",negative,negative,negative
30/10/2021,"Jamaican Pastor Accused of Bloody Killing Ritual, Killed in Deadly Police",Car Crash,Black EnterpriseA Jamaican pastor who was embroiled in a suspected ritual killing wheresome individuals were human sacrifices has died in a police car crash.,negative,negative,negative
30/10/2021,These 4 Spiritual Rituals Can Help You Become A More Successful,Entrepreneur - Forbes,"ForbesRituals can realign us with our true nature and make us more focused asentrepreneurs. Your rituals may look different, but I'd like to share a ...",positive,positive,positive
06/11/2021,Get Into The Spooky Spirit With These 7 Spells & Rituals For Halloween -,MindBodyGreen,MindBodyGreenHalloween is here and it's the perfect day to work some magic. We roundedup 7 simple spells and rituals to try if you're not sure where to start.,positive,positive,positive
06/11/2021,This New-Moon Ba??o Ritual Will Help You Level Up in Sex and Money - Yahoo,Yahoo,"So, on Nov. 4, have your new-moon ritual essentials ready and get all up inyour feelings and emotions. Here's a checklist you could refer to in ...",positive,positive,positive
13/11/2021,5 Simple Rituals To Harness The Powerful Energy Of 11/11 - MindBodyGreen,MindBodyGreen,"Whatever you decide to do come 11/11, do it with intention, as you may findyour intuition heightened??and your manifesting abilities that much ...",positive,positive,positive
13/11/2021,"In rural Spain, an ancient ritual brings a community together - The",Washington Post,"The Washington PostLa Vijanera, a winter solstice tradition, is bringing generations togetherin a depopulated village in rural Spain.",positive,positive,positive
13/11/2021,"Astroworld Festival Satanic Ritual Conspiracy Theories, Explained - Insider",Insider,"Numerous conspiracy theories baselessly claiming that Travis Scott'sAstroworld show was a ""satanic ritual"" have spread online.",negative,negative,negative
20/11/2021,Weight loss tips: The easy morning ritual that could help you lose weight |,Express.co.uk,"Daily ExpressWEIGHT LOSS isn't easy, but this easy morning ritual involving a lemoncould help you shed fat if you keep it up.",positive,positive,positive
20/11/2021,"13 Full Moon Rituals For Love, Release, Manifestation & More -",MindBodyGreen,MindBodyGreen13 rituals to try. ?? 1. Make moon water. ?? 2. Charge your crystals. ?? 3.Hold a full moon circle. ?? 4. Do an oracle or tarot card reading. ?? 5. Takea full ...,positive,positive,positive
20/11/2021,Ace Frehley of KISS Posts Astroworld Satanic Ritual Conspiracy Theory -,Insider,"InsiderKISS guitarist Paul Daniel ""Ace"" Frehley promoted a baseless conspiracytheory that the Astroworld tragedy was a satanic ritual after the claim ...",negative,negative,negative
20/11/2021,Black magic healer butchered bridegroom with axe when 'occult ritual to save his marriage ...,The Irish Sun,"A HUSBAND was brutally axed to death after an occult ritual to save hismarriage turned violent.Anton Shabanov, 33, an engineer from Russia, ...",negative,negative,negative
27/11/2021,"Did Elon Musk use human parts for money rituals?, By Festus Adedayo -",Premium Times,"Premium TimesA few years after, Baba Aladokun was embroiled in a criminal allegation ofhuman body parts ritual. The Police Criminal Investigation Department (CID)...",negative,negative,negative
27/11/2021,"Mater Dei locker room ritual left bloodied football player with brain injury, broken nose ...",Orange County Register,"??This is a hazing ritual that has a name, a name known by the players,??said Brian L. Williams, an attorney for Player 1.",negative,negative,negative
04/12/2021,7 suspected serial ritual killers arrested in Ogun State - Vanguard News,Vanguard News,"A member of a seven-man ritual killer syndicate, Lekan Oladipupo who iscurrently being investigated by operatives of the Ogun State Police ...",negative,negative,negative
04/12/2021,Police arrest serial ritual killer gang in Ogun | The Guardian Nigeria News,The Guardian Nigeria,"Ogun State Police Command has arrested a serial ritual killer syndicate,who reportedly killed and dismembered one Sunday Okosun at Agbara village...",negative,negative,negative
25/12/2021,Horrific 'Blood Eagle' Ritual by Vikings for Torture Could Have Actually,"Happened, Says Study",News18Researchers believe that one of the brutal rituals followed by the Nordicwarrior tribe might not be just a myth but rooted in anatomical ...,negative,negative,negative
25/12/2021,"Winter Solstice 2021??history, traditions, and a ritual to help you move forward ... - Woman & Home",Woman & Home,Scholars believe that these events are based on ancient pagan ritualsincluding the Roman Saturnalia and many more. RECOMMENDED VIDEOS FOR YOU...,positive,positive,neutral
01/01/2022,Yahoo boy on the run after allegedly killing girlfriend for money ritual -,Tribune Online,"Tribune Online... Elohor Oniorosa, for money ritual purposes. The suspect, NigerianTribune gathered, reportedly took to flight after committing the crime.",negative,negative,negative
01/01/2022,5 Simple Rituals To Help You Reflect On 2021 & Plan For 2022 -,MindBodyGreen,MindBodyGreen5 Reflective Rituals To Finish Out 2021 & Start The New Year Strong ?? 1.Make a vision board. ?? 2. Do a candle meditation. ?? 3. Clear your space (...,positive,positive,positive
08/01/2022,"Recharge Your Rituals, Recharge Yourself - Association for Talent",Development,Association for Talent DevelopmentRecharge Your Morning Ritual. It's hard to argue against the importance ofmorning rituals for setting the tone of the day and setting us up for ...,positive,positive,positive
08/01/2022,A New Moon Ritual To Help You Start 2022 With A Fresh Slate - MindBodyGreen,MindBodyGreen,"Even if winter isn't your favorite time of the year, this ritual can helpyou tap into the magic of the season and make your own light on dark ...",positive,positive,positive
08/01/2022,Three Teenagers Arrested In Bayelsa During Attempted Ritual Killing Of 13-year-old Girl ...,Sahara Reporters,"Subsequently, they took her to an apartment in the community, cut herfinger, and sprinkled the blood on a mirror for ritual purposes, the police...",negative,negative,negative
08/01/2022,Two teenagers caught trying to use 13-year-old girl for ritual (photos) -,PM News Nigeria,PM News NigeriaTwo teenagers were caught while attempting to use a 14-year-old girl formoney ritual purposes in Bayelsa State.,negative,negative,negative
15/01/2022,Ritual: Police nab suspected killer of 300-level UNIJOS student - Punch,Newspapers,"Punch Newspapers... has been arrested by the police for allegedly killing a 300-Levelstudent of the University of Jos, Jennifer Anthony, for ritual purposes.",negative,negative,negative
29/01/2022,Jordan Peterson on Joe Rogan show: Being trans is like 'satanic ritual abuse' - New York Post,New York Post,"Peterson, 59, described it as a ??sociological contagion,?? comparing it to??the satanic ritual abuse accusations that emerged in day cares in the ...",negative,negative,negative
05/02/2022,Human remains stolen from graves in possible Satanic ritual at Australian cemetery - CNN,CNN,"Police in Australia are investigating links to a ""satanic ritual"" afterhuman remains were stolen from a cemetery on two separate occasions, ...",negative,negative,negative
05/02/2022,Money Ritual Suspects Perform Rituals Through Facebook Page ?? What's,Trending ?? Arise News,Arise NewsSequel to the death of 17 year old Sofiat: 2 alledged suspects give detailsof how they carried out the vicious murder.,negative,negative,negative
05/02/2022,"ALL FOR MONEY: Rampaging teenage yahoo boys take over ritual killings, girls deploy ...",Vanguard News,"These are all incidences of rituals done by the now trending group ofoccultists known as 'yahoo plus', supposedly to make quick money.",negative,negative,negative
05/02/2022,Theft of human heads from Australian graves linked to 'satanic ritual' -,New York Post,New York PostThe theft of human heads in an Australian cemetery has been linked to asatanic ritual after a letter to the devil was found at a dug-up ...,negative,negative,negative
12/02/2022,Reps declare national emergency on ritual killings in Nigeria,Premium Times Nigeria,"The House noted that while citizens of other countries are embracingscience and technology, Nigerian youths are turning to ritual killings.",negative,negative,negative
19/02/2022,Daily Rituals Inspire a Happy Life??Learn How to Bring Them to Yours -,Camille Styles,"Camille StylesLike many people, the word ??ritual?? didn't become a consistent part of mypersonal vocabulary until much later in life.",positive,positive,positive
19/02/2022,Indonesia: Eleven taking part in local ritual drown in big waves on beach -,Sky News,Sky NewsThey were part of a group of 24 people from several villages who took partin the ritual in Indonesia's East Java province despite warnings to ...,negative,negative,negative
19/02/2022,High waves kill 10 during Indonesia beach ritual - Times of India,Times of India,Rest of World News: JAKARTA: At least 10 Indonesians died after tidal wavesswept away a group of people meditating on a beach during Sunday's ...,negative,negative,negative
19/02/2022,Eleven people taking part in a ritual on an Indonesian beach drowned after being swept into ...,Daily Mail,... beach in the Jember district of Indonesia after being dragged into thesea by large waves while taking part in a local ritual on Saturday.,negative,negative,negative
26/02/2022,"Ritual Killings: Blame parents, not Nollywood - NFVCB Boss - Premium Times",Nigeria,"Premium Times NigeriaNigeria's minister of information recently blamed Nollywood for featuringmoney rituals in some of its movies, saying this has ...",negative,negative,negative
05/03/2022,Deadly beach ritual in East Java exposes dark side of spiritual groups in,Indonesia - CNA,"CNAEleven people died when they were swept away by tidal waves during a ritualon a beach in Jember, East Java on Feb 13, 2022.",negative,negative,negative
12/03/2022,Nonprofit: Bag of animal heads linked to sacrifice ritual? | AP News,AP News,"... month appear to be related to some sort of religious animal sacrificeritual, the Rhode Island Society for the Prevention of Cruelty said Tuesday.",negative,negative,negative
19/03/2022,The ritual murder of Bamise Ayanwale | The Guardian Nigeria News,The Guardian Nigeria,... passengers who were forcefully taken into the bush in the Lekki axisand saved only by divine intervention from the hands of ritual killers.,negative,negative,negative
19/03/2022,Court release one of di suspects wey allegedly kill dia friend girlfriend for money ritual - BBC,BBC,One high court for Abeokuta don release one of di four suspects weyallegedly kill di girlfriend of dia friend for money ritual for Ogun state.,negative,negative,negative
09/04/2022,Anderson Cooper Says This Little Ritual Is Helping Sons Wyatt & Sebastian,Bond - SheKnows,"SheKnowsOn Wednesday's episode of ""The Late Show with Stephen Colbert,"" AndersonCooper said he and Wyatt light-heartedly make fun of Sebastian.",positive,positive,positive
09/04/2022,Confusion as Deacon dies while preaching against ritual killings in Ogun |,Dailytrust,DailytrustThere have been worrying cases of ritual killings in Ogun State and otherparts of the country. No less than three cases of killings for money rituals...,negative,negative,negative
09/04/2022,RAMADAN: Why ritual killings are on the increase in Nigeria ????,Ansar-ud-deen Society,"Vanguard News... the Ansar-ud-deen Society of Nigeria, a faith-based organisation, hascondemned the recent upsurge in ritual killings in the country.",negative,negative,negative
09/04/2022,Suspected Yahoo Boy dies after money rituals in Ogun - The Nation Newspaper,The Nation Newspaper,A suspected internet fraudster died shortly after he underwent moneyrituals in the Ado-Odo/Ota Local Government Area of Ogun State about threeweeks ...,negative,negative,negative
09/04/2022,Boon Lay slashing: 2 men charged over attack during wedding ritual; victim still in hospital,The Straits Times,"On Wednesday, the bride Yuroshini Josephine, 25, and groom Emmanuel Ravi,26, were in the midst of a wedding ritual at home when the groom received a...",negative,negative,positive
23/04/2022,I had carnal knowledge of my daughter for money ritual ?? Father - Vanguard,News,"Vanguard NewsUpon interrogation, he confessed to having committed the crime that hewanted to use her for money ritual. ??Items recovered from him included aring ...",negative,negative,negative
30/04/2022,"What we know about ritual killings for money, Juju priests, Imams, Pastors, others speak",Vanguard News,"??Money ritual real but there are consequences ??Aroh Deity Priest ??If moneyrituals have potency, juju priests would be on Forbes' rich list ??Fr.",negative,negative,negative
14/05/2022,"Teens being swarmed, forced to kiss their attackers' shoes in bullying ritual, Vancouver police say",CTV News Vancouver,"Vancouver police are warning about a ""concerning trend"" of teens targetingtheir peers for ""humiliating and demeaning bullying rituals"" which are ...",negative,negative,negative
21/05/2022,"Your Relaxation Ritual, According to Your Zodiac Sign ?? Best Life",Best Life,"The Best Relaxation Ritual for Your Zodiac Sign, Astrologers Say. Here'show the stars say you should wind down. By Lauren Ash. May 18, 2022.",positive,positive,positive
21/05/2022,Ritual killing: Police arrest murder suspect in Oyo town - Vanguard News,Vanguard News,"Ritual killing: Police arrest murder suspect in Oyo town ... As decomposedhead, hands, toes, others are recovered from his house. May 17, 2022.",negative,negative,negative
28/05/2022,"Ritual killing: Police arrest landlord, gateman in Niger - Vanguard News",Vanguard News,"Ritual killing: Police arrest landlord, gateman in Niger ... GovernmentArea of the state for allegedly killing a 4-year-old boy for rituals.",negative,negative,negative
04/06/2022,Utah County Attorney calls for outside review of sheriff over ritual child abuse investigation,KSLTV.com,"... Sheriff Mike Smith, saying if politics motivated the reexamination of aritual child abuse case that names Leavitt, the sheriff should resign.",negative,negative,negative
04/06/2022,"Ritual Murder Scare As Boy (16) Is Killed, Body Chopped And Stashed In A",Box,"iHarare NewsRitual Murder Scare As Boy (16) Is Killed, Body Chopped And Stashed In ABox A 16-year-old boy from Southlea Park, Harare was reportedly.. .",negative,negative,negative
04/06/2022,"Utah County sheriff, attorney spar over investigation of 'ritual sex abuse' - KUTV",KUTV,Leavitt called the victim of the case 'tragically mentally ill' anddismissed that he or his wife had ever participated in ritual child sexabuse.,negative,negative,negative
11/06/2022,Witch-hunts and ritual child abuse are a stain on Africa. We must confront them,The Guardian,Thousands of children accused of witchcraft suffer ritual abuse every year?? and those with albinism are the main victims.,negative,negative,negative
11/06/2022,"'A ritual sacrifice': Missouri woman charged with stealing dog, setting it on fire - USA Today",USA Today,"During the call, Lingo's mother told officials her daughter killed her dog?? a terrier mix ?? as part of ""a ritual sacrifice"" according to a ...",negative,negative,negative
18/06/2022,Osun: Muslims protest incessant ritual killings in Iwo - Daily Post Nigeria,Daily Post Nigeria,"Muslim faithful in Iwo, Osun State protested incessant ritual killings inthe town and the tagging of perpetrators as Islamic clerics.",negative,negative,negative
18/06/2022,Missouri woman stole her mom's dog and burned it alive in 'ritual sacrifice': police,New York Post,"A Missouri woman has confessed to burning alive her mom's dog as asacrifice in a sick ritual, according to authorities. Brianna Lynn Lingo,29, ...",negative,negative,negative
25/06/2022,"Allege ritual killing: Residents uncover woman's body alongside dead animals in Kubwa, FCT",Daily Post Nigeria,"While details of the incident are still sketchy, DAILY POST reports that itmay not be unconnected with ritual activities of criminal elements in ...",negative,negative,negative
02/07/2022,Lady allegedly used for money ritual runs mad in Ogun - Daily Post Nigeria,Daily Post Nigeria,There were reports that the yet-to-be-identified lady might have beendiabolically used for money rituals by suspected internet fraudsters. TheOgun ...,negative,negative,negative
02/07/2022,What's behind the debate on ritual slaughter in Belgium? - The Jerusalem,Post,"The Jerusalem PostKosher and halal animal slaughter guidelines entail a specific ritual forkilling the animals, which does not include it.",negative,negative,negative
02/07/2022,Ogun police confirm report on lady allegedly used for ritual,punchng.com,"The Ogun State Police Command has confirmed the report of a young mentallyunstable lady who stripped herself and barked like a dog in Abeokuta, ...",negative,negative,negative
16/07/2022,Ogun: Yahoo-boy who reportedly used girlfriend for money ritual appears in court,Daily Post Nigeria,"A 33-year-old man, Ibrahim Orona, who was arrested by the police forallegedly using his girlfriend for money ritual in Ogun State has been ...",negative,negative,negative
30/07/2022,Ritual as an Opening to Love - Tricycle: The Buddhist Review,Tricycle: The Buddhist Review,"Scholar Anne C. Klein discusses how ritual practices can help us get out ofour heads and tap into bodhicitta, or the awakened mind.",positive,positive,positive
06/08/2022,RITUAL KILLINGS AND 'INSTANT WEALTH' - THISDAYLIVE,THISDAYLIVE,RITUAL KILLINGS AND 'INSTANT WEALTH'. Editorial | 21 seconds ago. Theimpunity will persist unless proven cases of criminality are severely ...,negative,negative,negative
13/08/2022,"Ritual: Pastor, accomplice to die for beheading seven-year-old - PunchNG",PunchNG,"Justice Oluwatoyin Taiwo of the Lagos State Special Offences Court sittingat Ikeja, on Tuesday, sentenced a pastor, Erinmole Adetokunbo, ...",negative,negative,negative
20/08/2022,Police in Nigeria find 20 mummified bodies in 'suspected ritual shrine' -,The Guardian,"The GuardianArmed police officers raided the building in Benin City, the capital of Edostate, acting on intelligence that it was a ??suspected ritual shrine??, she...",negative,negative,negative
20/08/2022,Police give more details about 20 corpses dem find for 'ritual shrine' -,BBC,BBCPolice for Edo State south-south Nigeria say di deadi bodi wey dem find forsuspected ritual shrine for di state get identification document.,negative,negative,negative
27/08/2022,"9 New Moon Rituals For Intention Setting, Manifestation & More, From",Experts - MindBodyGreen,MindBodyGreenNew moons are an excellent time to set intentions and plant seeds forwhat's to come. Here are nine of our favorite new moon rituals to try ...,positive,positive,positive
27/08/2022,"Pune: Woman Made To Bathe In Public As Per Ritual, Police Books Husband And",In Laws,"Outlook IndiaA woman in Maharashtra's Pune has complained that she was made to bathepublicly as part of a ritual so that she could conceive, according to ...",negative,negative,negative
27/08/2022,"Pune Woman Forced To Bathe In Public In 'Ritual To Conceive Son', Case",Filed - NDTV.com,"NDTV.com... a woman from Maharashtra's Pune was forced by her husband and in-lawsto take a bath naked in front of people as part of a ""ritual"" advised by ...",negative,negative,negative
